id;Kanji;Strokes;Grade
41;一;1;1
124;乙;1;7
2060;了;2;7
2074;力;2;1
1577;二;2;1
1070;人;2;1
1584;入;2;1
829;七;2;1
359;九;2;1
1647;八;2;1
1903;又;2;7
1392;丁;2;3
907;十;2;1
1498;刀;2;2
1312;大;3;1
292;丸;3;2
557;己;3;6
1071;刃;3;7
1852;亡;3;6
587;口;3;1
588;工;3;2
1101;寸;3;6
1889;凡;3;7
360;久;3;5
361;及;3;7
362;弓;3;2
1138;夕;3;1
1906;万;3;2
131;下;3;1
650;乞;3;7
1166;千;3;1
1167;川;3;1
428;巾;3;7
693;才;3;2
952;女;3;1
959;小;3;1
1986;与;3;7
1493;土;3;1
744;三;3;1
745;山;3;1
1009;上;3;1
1010;丈;3;7
247;干;3;6
759;士;3;4
760;子;3;1
513;月;4;1
514;犬;4;1
1293;太;4;2
1807;片;4;6
1041;心;4;2
1561;屯;4;7
545;元;4;2
546;幻;4;7
1570;内;4;2
1829;方;4;2
1580;匂;4;7
46;引;4;2
558;戸;4;2
1583;日;4;1
1072;仁;4;6
1333;丹;4;7
1081;水;4;1
1853;乏;4;7
576;五;4;1
577;互;4;7
578;午;4;2
589;公;4;2
2125;六;4;1
590;勾;4;7
591;孔;4;7
1104;井;4;7
1876;木;4;1
87;円;4;1
855;尺;4;6
863;手;4;1
1376;中;4;1
105;王;4;1
1393;弔;4;7
883;収;4;6
1655;反;4;3
381;牛;4;2
1154;切;4;2
132;化;4;3
133;火;4;1
394;凶;4;7
1683;比;4;5
1941;毛;4;2
1435;爪;4;7
670;今;4;2
164;牙;4;7
1956;厄;4;7
172;介;4;7
429;斤;4;7
1711;匹;4;7
1971;友;4;2
445;区;4;3
960;升;4;7
1472;天;4;1
961;少;4;2
1217;双;4;7
1987;予;4;3
1736;不;4;4
1737;夫;4;4
1738;父;4;2
1484;斗;4;7
1776;仏;4;5
1011;冗;4;7
246;刈;4;7
761;支;4;5
1785;分;4;2
506;欠;4;4
762;止;4;2
1786;文;4;1
763;氏;4;4
768;市;5;2
769;矢;5;2
1284;他;5;3
1287;打;5;3
8;圧;5;5
15;以;5;4
1040;尻;5;7
1808;辺;5;4
1042;申;5;3
1558;凸;5;7
1814;弁;5;5
1567;丼;5;7
1823;母;5;2
1313;代;5;3
1314;台;5;2
547;玄;5;7
806;示;5;5
1830;包;5;4
2087;令;5;4
2088;礼;5;3
1578;尼;5;7
559;古;5;2
1334;旦;5;7
58;右;5;1
830;叱;5;7
831;失;5;4
68;永;5;5
841;写;5;3
592;功;5;4
593;巧;5;7
1105;世;5;3
594;広;5;2
1106;正;5;1
595;甲;5;7
1107;生;5;1
1875;北;5;2
1630;白;5;1
1886;本;5;1
864;主;5;3
106;凹;5;7
107;央;5;3
363;丘;5;7
364;旧;5;5
1904;末;5;4
1394;庁;5;6
1139;斥;5;7
884;囚;5;7
1140;石;5;1
1910;未;5;4
1656;半;5;2
1657;氾;5;7
1658;犯;5;5
382;去;5;3
1918;民;5;4
383;巨;5;7
1920;矛;5;7
134;加;5;4
135;可;5;5
651;号;5;3
908;汁;5;7
1168;仙;5;7
1169;占;5;7
1684;皮;5;3
1947;目;5;1
668;込;5;7
926;出;5;1
165;瓦;5;7
682;左;5;1
427;玉;5;1
1963;由;5;3
943;処;5;6
1712;必;5;4
1717;氷;5;3
446;句;5;5
962;召;5;7
197;外;5;2
1991;幼;5;6
1480;田;5;1
1992;用;5;2
1739;付;5;4
1740;布;5;5
469;兄;5;2
1494;奴;5;7
1499;冬;5;2
733;冊;5;6
734;札;5;4
743;皿;5;3
1774;払;5;7
242;且;5;7
248;刊;5;5
249;甘;5;7
507;穴;5;6
764;仕;5;3
1788;丙;5;7
765;史;5;4
1789;平;5;3
2045;立;5;1
766;司;5;4
767;四;5;1
1536;同;6;2
770;旨;6;7
515;件;6;5
771;死;6;3
772;糸;6;1
773;至;6;6
1029;色;6;2
1285;多;6;2
9;扱;6;7
1801;米;6;2
12;安;6;3
2061;両;6;3
16;衣;6;4
1318;宅;6;6
807;字;6;1
808;寺;6;2
809;次;6;3
810;耳;6;1
811;自;6;2
1579;弐;6;7
45;芋;6;7
301;企;6;7
1581;肉;6;2
302;伎;6;7
47;印;6;4
303;危;6;6
48;因;6;5
304;机;6;6
305;気;6;1
1073;尽;6;7
1074;迅;6;7
1587;任;6;5
2101;列;6;3
2102;劣;6;7
1593;年;6;1
826;式;6;3
59;宇;6;6
60;羽;6;2
1854;忙;6;7
1347;団;6;5
2115;老;6;4
840;芝;6;7
1355;地;6;2
1356;池;6;2
596;交;6;2
1108;成;6;4
597;光;6;2
1109;西;6;2
1877;朴;6;7
598;向;6;3
1366;竹;6;1
599;后;6;6
600;好;6;4
601;江;6;7
602;考;6;2
603;行;6;2
351;吉;6;7
865;守;6;3
1377;仲;6;4
866;朱;6;7
1378;虫;6;1
1895;毎;6;2
104;汚;6;7
365;休;6;1
366;吸;6;6
1646;肌;6;7
367;朽;6;7
368;臼;6;7
1395;兆;6;4
1651;伐;6;7
885;州;6;3
886;舟;6;7
1659;帆;6;7
1660;汎;6;7
1926;名;6;1
136;仮;6;5
395;共;6;4
396;叫;6;7
652;合;6;2
1164;舌;6;5
909;充;6;7
1170;先;6;1
1685;妃;6;7
1942;妄;6;7
420;仰;6;7
932;旬;6;7
933;巡;6;7
424;曲;6;3
1196;全;6;3
173;回;6;2
174;灰;6;6
175;会;6;2
1716;百;6;1
1972;有;6;3
694;再;6;5
953;如;6;7
1218;壮;6;7
963;匠;6;7
1219;早;6;1
1220;争;6;4
1481;伝;6;4
1993;羊;6;3
717;在;6;5
1485;吐;6;7
210;各;6;4
470;刑;6;7
1500;灯;6;4
1501;当;6;2
1765;伏;6;7
2035;吏;6;7
250;汗;6;7
251;缶;6;7
508;血;6;3
1278;存;6;6
1;亜;7;7
516;見;7;1
774;伺;7;7
1286;汰;7;7
775;志;7;5
776;私;7;6
1288;妥;7;7
1805;別;7;4
1294;対;7;3
2062;良;7;4
1295;体;7;2
17;位;7;4
1809;返;7;3
18;囲;7;4
19;医;7;3
1043;伸;7;7
1044;臣;7;4
1045;芯;7;7
1046;身;7;3
1047;辛;7;7
1568;那;7;7
548;言;7;2
293;含;7;7
1319;択;7;7
1831;芳;7;7
1320;沢;7;7
1832;邦;7;7
2089;冷;7;4
42;壱;7;7
2090;励;7;7
2091;戻;7;7
812;似;7;5
813;児;7;4
1327;但;7;7
306;岐;7;7
1586;尿;7;7
307;希;7;4
308;忌;7;7
1588;妊;7;7
309;汽;7;2
1589;忍;7;7
1080;図;7;2
1082;吹;7;7
2110;呂;7;7
1855;坊;7;7
1856;妨;7;7
1857;忘;7;6
1858;防;7;5
579;呉;7;7
1348;男;7;1
1604;把;7;7
2116;労;7;4
2117;弄;7;7
842;社;7;2
843;車;7;1
1099;杉;7;7
339;技;7;5
1110;声;7;2
1622;売;7;2
1883;没;7;7
604;坑;7;7
605;孝;7;6
606;抗;7;7
607;攻;7;7
1631;伯;7;7
608;更;7;7
354;却;7;7
1379;沖;7;7
1639;麦;7;2
108;応;7;5
876;寿;7;7
369;求;7;4
370;究;7;3
1396;町;7;1
1652;抜;7;7
1141;赤;7;1
887;秀;7;7
1661;伴;7;7
1917;妙;7;7
1662;判;7;5
1663;坂;7;3
1664;阪;7;7
1155;折;7;4
137;何;7;2
138;花;7;1
397;狂;7;7
1421;沈;7;7
910;住;7;3
657;克;7;7
658;告;7;4
659;谷;7;2
1686;否;7;6
1687;批;7;6
1437;低;7;4
1438;呈;7;7
671;困;7;6
1439;廷;7;7
1440;弟;7;2
1952;冶;7;7
1957;役;7;3
166;我;7;6
1703;尾;7;7
425;局;7;3
683;佐;7;7
684;沙;7;7
430;均;7;5
1710;肘;7;7
431;近;7;2
176;快;7;5
944;初;7;4
177;戒;7;7
178;改;7;4
695;災;7;5
954;助;7;3
443;吟;7;7
955;序;7;5
196;貝;7;1
964;床;7;7
1988;余;7;5
965;抄;7;7
1221;走;7;2
966;肖;7;7
456;串;7;7
1994;妖;7;7
1741;扶;7;7
462;君;7;3
718;材;7;4
211;角;7;2
723;作;7;2
471;形;7;2
1495;努;7;4
472;系;7;6
2013;抑;7;7
1502;投;7;3
2014;沃;7;7
1503;豆;7;3
2022;来;7;2
1261;即;7;7
2029;乱;7;6
1262;束;7;4
2030;卵;7;6
1263;足;7;1
498;芸;7;4
499;迎;7;7
1012;条;7;5
2036;利;7;4
1013;状;7;5
2037;里;7;2
252;完;7;4
253;肝;7;7
509;決;7;3
1790;兵;7;4
1279;村;7;1
1792;並;8;6
517;券;8;5
518;肩;8;7
777;使;8;3
10;宛;8;7
778;刺;8;7
779;始;8;3
780;姉;8;2
781;枝;8;5
782;祉;8;7
783;肢;8;7
1554;毒;8;4
20;依;8;7
21;委;8;3
1559;突;8;7
1560;届;8;6
1817;歩;8;2
2076;林;8;1
1569;奈;8;7
549;弦;8;7
294;岸;8;3
295;岩;8;2
40;育;8;3
296;玩;8;7
1321;卓;8;7
1833;奉;8;7
1322;拓;8;7
1834;宝;8;6
1835;抱;8;7
1836;放;8;3
2092;例;8;4
1837;法;8;4
814;事;8;3
1838;泡;8;7
815;侍;8;7
560;呼;8;6
816;治;8;4
561;固;8;4
1585;乳;8;6
562;股;8;7
563;虎;8;7
310;奇;8;7
311;祈;8;7
1335;担;8;6
312;季;8;4
1594;念;8;4
1083;垂;8;6
1084;炊;8;7
61;雨;8;1
2111;炉;8;7
1859;房;8;7
1860;肪;8;7
69;泳;8;3
1605;波;8;3
70;英;8;4
839;実;8;3
1095;枢;8;7
844;舎;8;5
1612;拝;8;6
845;者;8;3
1357;知;8;2
1613;杯;8;7
78;易;8;5
2129;和;8;3
340;宜;8;7
853;邪;8;7
1878;牧;8;4
2134;枠;8;7
1111;制;8;5
88;延;8;6
1112;姓;8;7
89;沿;8;6
1113;征;8;7
90;炎;8;7
1114;性;8;5
1115;青;8;1
860;若;8;6
1116;斉;8;7
1887;奔;8;7
1632;拍;8;7
609;効;8;5
1633;泊;8;7
610;幸;8;3
1634;迫;8;7
611;拘;8;7
867;取;8;3
612;肯;8;7
1380;宙;8;6
1381;忠;8;6
1382;抽;8;7
1383;注;8;3
1896;妹;8;2
1897;枚;8;6
109;往;8;5
877;受;8;3
110;押;8;7
878;呪;8;7
1902;枕;8;7
111;旺;8;7
112;欧;8;7
113;殴;8;7
1905;抹;8;7
371;泣;8;4
1397;長;8;2
118;岡;8;7
1142;昔;8;3
1143;析;8;7
1911;味;8;3
888;周;8;4
889;宗;8;6
1913;岬;8;7
384;居;8;5
385;拒;8;7
1665;板;8;3
386;拠;8;7
1666;版;8;5
1156;拙;8;7
1927;命;8;3
1928;明;8;2
1418;直;8;2
139;佳;8;7
140;価;8;5
141;果;8;4
142;河;8;5
398;京;8;2
143;苛;8;7
399;享;8;7
1935;免;8;7
400;供;8;6
401;協;8;4
402;況;8;7
1939;茂;8;7
660;刻;8;6
661;国;8;2
918;叔;8;7
1943;盲;8;7
1688;彼;8;7
1689;披;8;7
1434;坪;8;7
1690;肥;8;5
1691;非;8;5
1949;門;8;2
927;述;8;5
672;昆;8;7
1441;定;8;3
1953;夜;8;2
1442;底;8;4
1443;抵;8;7
1955;弥;8;7
1444;邸;8;7
167;画;8;2
168;芽;8;4
1964;油;8;3
432;金;8;1
945;所;8;3
1713;泌;8;7
179;怪;8;7
1459;泥;8;7
180;拐;8;7
1204;狙;8;7
1460;的;8;4
1205;阻;8;7
1718;表;8;3
696;妻;8;5
697;采;8;7
1467;迭;8;7
1724;苗;8;7
447;苦;8;3
449;具;8;3
1473;典;8;4
1474;店;8;2
452;空;8;1
198;劾;8;7
967;尚;8;7
968;招;8;5
457;屈;8;7
969;承;8;5
970;昇;8;7
971;松;8;4
972;沼;8;7
1486;妬;8;7
1742;府;8;4
1743;怖;8;7
1744;阜;8;7
1745;附;8;7
212;拡;8;6
473;径;8;4
474;茎;8;7
735;刷;8;4
1759;侮;8;7
736;刹;8;7
1504;東;8;2
1760;武;8;5
1505;到;8;7
226;学;8;1
227;岳;8;7
2019;拉;8;7
1766;服;8;3
746;参;8;4
1775;沸;8;7
1777;物;8;3
1276;卒;8;4
254;官;8;4
1791;併;8;7
256;巻;9;6
257;看;9;6
1537;洞;9;7
1793;柄;9;7
2049;柳;9;7
2;哀;9;7
1030;拭;9;7
519;建;9;4
1031;食;9;2
520;研;9;3
2056;侶;9;7
521;県;9;3
1547;峠;9;7
784;姿;9;6
1296;耐;9;7
785;思;9;2
1297;待;9;3
786;指;9;3
1298;怠;9;7
1810;変;9;4
787;施;9;7
1299;胎;9;7
1555;独;9;5
1300;退;9;5
1557;栃;9;7
22;威;9;7
23;為;9;7
1815;便;9;4
24;畏;9;7
1048;侵;9;7
25;胃;9;4
1049;信;9;4
1050;津;9;7
1818;保;9;5
1051;神;9;3
2077;厘;9;7
550;限;9;5
1574;南;9;2
44;茨;9;7
1582;虹;9;7
1839;胞;9;7
49;咽;9;7
817;持;9;3
50;姻;9;7
1075;甚;9;7
564;孤;9;7
565;弧;9;7
566;故;9;5
567;枯;9;7
1336;単;9;4
313;紀;9;4
1337;炭;9;3
314;軌;9;7
1338;胆;9;7
1085;帥;9;7
832;室;9;2
580;後;9;2
1349;段;9;6
1861;某;9;7
1606;派;9;6
1862;冒;9;7
2118;郎;9;7
71;映;9;6
72;栄;9;4
1614;背;9;6
79;疫;9;7
1103;是;9;7
1615;肺;9;6
91;怨;9;7
1884;勃;9;7
1117;政;9;5
1373;茶;9;2
1118;星;9;2
1119;牲;9;7
1120;省;9;4
1890;盆;9;7
355;客;9;3
868;狩;9;7
357;逆;9;5
613;侯;9;7
869;首;9;2
358;虐;9;7
614;厚;9;5
615;恒;9;7
616;洪;9;7
1384;昼;9;2
617;皇;9;6
1385;柱;9;3
618;紅;9;6
1898;昧;9;7
619;荒;9;7
620;郊;9;7
621;香;9;7
1645;畑;9;3
1649;発;9;3
372;急;9;3
373;級;9;3
374;糾;9;7
1398;挑;9;7
119;屋;9;3
890;拾;9;3
891;秋;9;2
892;臭;9;7
126;卸;9;7
127;音;9;1
1157;窃;9;7
1929;迷;9;5
1419;勅;9;7
653;拷;9;7
1422;珍;9;7
911;柔;9;7
144;科;9;2
912;重;9;3
1936;面;9;3
145;架;9;7
403;峡;9;7
1171;宣;9;6
1427;追;9;3
404;挟;9;7
1172;専;9;6
405;狭;9;7
1173;泉;9;6
1174;浅;9;4
919;祝;9;4
1175;洗;9;6
1176;染;9;6
1692;卑;9;7
1693;飛;9;4
673;恨;9;7
929;俊;9;7
930;春;9;2
1445;亭;9;7
934;盾;9;7
1446;貞;9;7
1958;約;9;4
1447;帝;9;7
1448;訂;9;7
1704;眉;9;7
1705;美;9;3
685;査;9;5
1197;前;9;2
686;砂;9;6
181;悔;9;7
1973;勇;9;4
182;海;9;2
1206;祖;9;5
1974;幽;9;7
183;界;9;3
184;皆;9;7
698;砕;9;7
956;叙;9;7
1725;秒;9;3
1729;品;9;3
1475;点;9;2
1222;奏;9;6
1223;相;9;3
1224;荘;9;7
1225;草;9;1
1226;送;9;3
1995;洋;9;3
1996;要;9;4
973;昭;9;3
208;垣;9;7
209;柿;9;7
466;軍;9;4
1746;訃;9;7
1747;負;9;3
724;削;9;7
1748;赴;9;7
213;革;9;6
725;昨;9;4
726;柵;9;7
1496;度;9;3
1497;怒;9;7
475;係;9;3
476;型;9;4
732;咲;9;7
477;契;9;7
478;計;9;2
737;拶;9;7
1506;逃;9;7
1763;封;9;7
1764;風;9;2
233;括;9;7
234;活;9;2
1264;促;9;7
1265;則;9;5
1014;乗;9;3
1015;城;9;6
1271;俗;9;7
1016;浄;9;7
2046;律;9;6
255;冠;9;7
1280;孫;10;4
258;陥;10;7
1538;胴;10;7
1794;陛;10;6
2050;流;10;3
3;挨;10;7
2051;留;10;5
2052;竜;10;7
2057;旅;10;3
522;倹;10;7
523;兼;10;7
524;剣;10;7
1548;匿;10;7
13;案;10;4
525;拳;10;7
1549;特;10;4
526;軒;10;7
1039;辱;10;7
2063;料;10;4
788;師;10;5
789;恣;10;7
1301;帯;10;4
790;紙;10;2
1302;泰;10;7
791;脂;10;7
1816;勉;10;3
1819;哺;10;7
1052;唇;10;7
1820;捕;10;7
1053;娠;10;7
1054;振;10;7
2078;倫;10;7
1055;浸;10;7
1056;真;10;3
1057;針;10;6
2083;涙;10;7
551;原;10;2
1323;託;10;7
1840;俸;10;7
1841;倣;10;7
818;時;10;2
1842;峰;10;7
51;員;10;3
1843;砲;10;7
52;院;10;3
1076;陣;10;7
2103;烈;10;7
568;個;10;5
569;庫;10;3
2105;恋;10;7
2106;連;10;4
315;既;10;7
316;記;10;2
317;起;10;3
62;唄;10;7
318;飢;10;7
1086;粋;10;7
1598;悩;10;7
319;鬼;10;7
1087;衰;10;7
1599;納;10;6
64;畝;10;7
320;帰;10;2
1600;能;10;5
65;浦;10;7
833;疾;10;7
581;娯;10;7
582;悟;10;7
1607;破;10;5
1863;剖;10;7
2119;朗;10;6
1864;紡;10;7
2120;浪;10;7
1609;馬;10;2
846;射;10;6
1358;値;10;6
1359;恥;10;7
80;益;10;5
1360;致;10;7
1616;俳;10;6
1617;配;10;3
83;悦;10;7
2132;脇;10;7
1367;畜;10;7
1623;倍;10;3
856;借;10;4
1368;逐;10;7
1624;梅;10;4
857;酌;10;7
1371;秩;10;7
92;宴;10;7
861;弱;10;2
1121;凄;10;7
1122;逝;10;7
1635;剥;10;7
870;殊;10;7
871;珠;10;7
872;酒;10;3
1386;衷;10;7
1387;酎;10;7
1899;埋;10;7
622;候;10;4
623;校;10;1
624;耕;10;5
625;航;10;4
114;桜;10;5
626;貢;10;7
115;翁;10;7
627;降;10;6
628;高;10;2
375;宮;10;3
1144;席;10;4
1145;脊;10;7
1146;隻;10;7
1916;脈;10;4
125;俺;10;7
893;修;10;5
894;袖;10;7
1919;眠;10;7
128;恩;10;5
387;挙;10;4
1667;班;10;6
1668;畔;10;7
1669;般;10;7
1925;娘;10;7
1930;冥;10;7
1420;捗;10;7
654;剛;10;7
1423;朕;10;7
913;従;10;6
146;夏;10;2
147;家;10;2
148;荷;10;3
149;華;10;7
406;恐;10;7
1430;通;10;2
407;恭;10;7
408;胸;10;6
1944;耗;10;7
409;脅;10;7
1177;扇;10;7
666;骨;10;6
1178;栓;10;7
1694;疲;10;7
1950;紋;10;7
1695;秘;10;6
1696;被;10;7
674;根;10;3
163;蚊;10;7
935;准;10;7
936;殉;10;7
937;純;10;6
1449;庭;10;3
1450;逓;10;7
687;唆;10;7
688;差;10;4
946;書;10;2
691;座;10;6
1715;姫;10;7
692;挫;10;7
1207;租;10;7
1719;俵;10;5
1208;素;10;5
699;宰;10;7
700;栽;10;7
1468;哲;10;7
957;徐;10;7
958;除;10;6
1726;病;10;3
1730;浜;10;7
1476;展;10;6
1734;敏;10;7
199;害;10;4
1227;倉;10;4
1228;捜;10;7
1229;挿;10;7
1997;容;10;5
974;宵;10;7
1230;桑;10;7
463;訓;10;4
719;剤;10;7
975;将;10;6
1487;徒;10;4
720;財;10;5
976;消;10;3
1488;途;10;7
977;症;10;7
978;祥;10;7
467;郡;10;4
979;称;10;7
980;笑;10;4
1749;浮;10;7
214;格;10;5
215;核;10;7
727;索;10;7
479;恵;10;7
2015;浴;10;4
738;殺;10;4
1507;倒;10;7
1508;凍;10;7
1509;唐;10;7
1254;造;10;5
1510;島;10;3
1511;桃;10;7
1512;討;10;6
1513;透;10;7
1514;党;10;6
747;桟;10;7
748;蚕;10;6
1266;息;10;3
1778;粉;10;4
243;株;10;6
1267;捉;10;7
1779;紛;10;7
244;釜;10;7
756;残;10;4
1268;速;10;3
505;桁;10;7
2048;略;11;5
259;乾;11;7
1539;動;11;3
1795;閉;11;6
260;勘;11;7
1540;堂;11;4
261;患;11;7
2053;粒;11;7
6;悪;11;3
262;貫;11;7
2054;隆;11;7
1289;唾;11;7
1550;得;11;4
527;健;11;4
528;険;11;5
2064;涼;11;7
2065;猟;11;7
2066;陵;11;7
1811;偏;11;7
1303;堆;11;7
792;視;11;6
1304;袋;11;7
1305;逮;11;7
26;尉;11;7
1562;豚;11;7
27;異;11;6
28;移;11;5
1564;貪;11;7
29;萎;11;7
1058;深;11;3
1059;紳;11;7
1315;第;11;3
1571;梨;11;7
1060;進;11;3
2084;累;11;7
39;域;11;6
1575;軟;11;7
552;現;11;5
297;眼;11;5
553;舷;11;7
43;逸;11;7
1329;脱;11;7
1844;崩;11;7
53;淫;11;7
1845;訪;11;6
54;陰;11;7
825;鹿;11;7
1339;探;11;6
1595;捻;11;7
1340;淡;11;7
1596;粘;11;7
1088;推;11;6
321;基;11;5
1089;酔;11;7
1601;脳;11;6
322;寄;11;5
834;執;11;7
323;規;11;5
324;亀;11;7
1350;断;11;5
1096;崇;11;7
1865;望;11;4
1098;据;11;7
1610;婆;11;7
847;捨;11;6
848;赦;11;7
81;液;11;5
849;斜;11;7
1618;排;11;7
1619;敗;11;4
341;偽;11;7
854;蛇;11;7
1625;培;11;7
858;釈;11;7
1626;陪;11;7
1372;窒;11;7
1885;堀;11;7
350;菊;11;7
862;寂;11;7
1123;清;11;4
1891;麻;11;7
356;脚;11;7
1124;盛;11;6
1636;舶;11;7
1390;著;11;6
879;授;11;5
629;康;11;4
630;控;11;7
631;梗;11;7
1399;帳;11;3
376;救;11;4
632;黄;11;2
1400;張;11;5
377;球;11;3
1401;彫;11;7
1402;眺;11;7
1914;密;11;6
1147;惜;11;7
1403;釣;11;7
1148;戚;11;7
1404;頂;11;6
1149;責;11;5
1405;鳥;11;2
895;終;11;3
896;羞;11;7
897;習;11;3
1921;務;11;5
898;週;11;2
388;虚;11;7
389;許;11;5
1158;接;11;5
1670;販;11;7
391;魚;11;2
1159;設;11;5
1160;雪;11;2
1424;陳;11;7
914;渋;11;7
150;菓;11;7
662;黒;11;2
151;貨;11;4
920;宿;11;3
921;淑;11;7
1945;猛;11;7
410;強;11;2
922;粛;11;7
411;教;11;2
1179;旋;11;7
412;郷;11;6
1180;船;11;2
669;頃;11;7
1951;問;11;3
928;術;11;5
1954;野;11;2
675;婚;11;7
676;混;11;5
677;痕;11;7
678;紺;11;7
1959;訳;11;6
1451;停;11;4
1452;偵;11;7
433;菌;11;7
1970;唯;11;7
947;庶;11;7
1461;笛;11;3
1975;悠;11;7
1720;票;11;4
1976;郵;11;6
185;械;11;4
1209;措;11;7
1210;粗;11;7
1211;組;11;2
701;彩;11;7
702;採;11;5
703;済;11;6
1727;描;11;7
704;祭;11;3
1728;猫;11;7
705;斎;11;7
450;惧;11;7
706;細;11;2
707;菜;11;4
1731;貧;11;5
453;偶;11;7
1477;添;11;7
1478;転;11;3
1735;瓶;11;7
200;崖;11;7
201;涯;11;7
458;掘;11;7
716;埼;11;7
1998;庸;11;7
1231;巣;11;4
1232;掃;11;7
1233;曹;11;7
1489;都;11;3
722;崎;11;7
1234;曽;11;7
1235;爽;11;7
1236;窓;11;6
981;唱;11;4
982;商;11;3
1750;婦;11;5
983;渉;11;7
1751;符;11;7
216;殻;11;7
984;章;11;3
217;郭;11;7
985;紹;11;7
986;訟;11;7
480;啓;11;7
2016;欲;11;6
481;掲;11;7
1761;部;11;3
2017;翌;11;6
482;渓;11;7
483;経;11;5
484;蛍;11;7
231;掛;11;7
1767;副;11;4
235;喝;11;7
1515;悼;11;7
236;渇;11;7
1516;盗;11;7
749;惨;11;7
1517;陶;11;7
750;産;11;4
757;斬;11;7
1269;側;11;4
2038;理;11;2
1272;族;11;3
1017;剰;11;7
1018;常;11;5
1019;情;11;5
2044;陸;11;4
1277;率;11;5
1281;尊;12;6
1796;塀;12;7
1541;童;12;3
1542;道;12;2
7;握;12;7
263;寒;12;3
2055;硫;12;7
264;喚;12;7
1032;植;12;3
265;堪;12;7
1033;殖;12;7
266;換;12;7
1290;堕;12;7
11;嵐;12;7
267;敢;12;7
1291;惰;12;7
268;棺;12;7
269;款;12;7
270;間;12;2
271;閑;12;7
529;圏;12;7
530;堅;12;7
531;検;12;5
2067;量;12;4
1812;遍;12;7
793;紫;12;7
794;詞;12;6
1306;替;12;7
795;歯;12;3
1307;貸;12;5
1308;隊;12;4
1565;鈍;12;7
1821;補;12;6
30;偉;12;7
31;椅;12;7
1824;募;12;7
1061;森;12;1
2085;塁;12;7
1062;診;12;7
554;減;12;5
1328;達;12;4
819;滋;12;7
1331;棚;12;7
1077;尋;12;7
1846;報;12;5
55;飲;12;3
1079;須;12;7
2104;裂;12;7
570;湖;12;3
571;雇;12;7
828;軸;12;7
1341;短;12;3
66;運;12;3
1090;遂;12;7
67;雲;12;2
835;湿;12;7
325;喜;12;4
1093;随;12;7
326;幾;12;7
327;揮;12;6
1351;弾;12;7
328;期;12;3
73;営;12;5
329;棋;12;7
2121;廊;12;7
74;詠;12;7
330;貴;12;6
1866;傍;12;7
1867;帽;12;7
1868;棒;12;6
1869;貿;12;5
1361;遅;12;7
850;煮;12;7
84;越;12;7
1620;廃;12;7
2133;惑;12;7
342;欺;12;7
2135;湾;12;7
2136;腕;12;7
1627;媒;12;7
1628;買;12;2
93;媛;12;7
94;援;12;7
1374;着;12;3
352;喫;12;7
1125;婿;12;7
1637;博;12;4
1126;晴;12;2
1391;貯;12;4
1137;税;12;5
1907;満;12;4
116;奥;12;7
633;喉;12;7
378;給;12;4
634;慌;12;7
635;港;12;3
636;硬;12;7
637;絞;12;7
638;項;12;7
1406;朝;12;2
1407;貼;12;7
1408;超;12;7
129;温;12;3
1922;無;12;4
899;就;12;6
900;衆;12;6
901;集;12;3
390;距;12;7
1671;斑;12;7
392;御;12;7
1672;飯;12;4
1165;絶;12;5
1679;晩;12;6
1680;番;12;2
1681;蛮;12;7
1428;椎;12;7
1431;痛;12;6
152;渦;12;7
1432;塚;12;7
153;過;12;5
1697;悲;12;3
1698;扉;12;7
1699;費;12;4
421;暁;12;7
169;賀;12;5
426;極;12;4
938;循;12;7
1706;備;12;5
939;順;12;4
1453;堤;12;7
1965;喩;12;7
1198;善;12;6
1454;提;12;5
1966;愉;12;7
1199;然;12;4
1455;程;12;5
689;詐;12;7
434;勤;12;6
1714;筆;12;3
435;琴;12;7
436;筋;12;6
948;暑;12;3
1721;評;12;5
1977;湧;12;7
186;絵;12;2
1978;猶;12;7
187;開;12;3
1979;裕;12;7
188;階;12;3
1212;疎;12;7
1980;遊;12;3
1213;訴;12;7
1981;雄;12;7
708;最;12;4
709;裁;12;6
454;遇;12;7
455;隅;12;7
202;街;12;4
1999;揚;12;7
2000;揺;12;7
2001;葉;12;3
1490;渡;12;7
2002;陽;12;3
1237;創;12;6
1238;喪;12;7
1239;痩;12;7
728;策;12;6
1240;葬;12;7
1752;富;12;5
729;酢;12;7
1241;装;12;6
1753;普;12;7
218;覚;12;4
987;勝;12;3
988;掌;12;7
989;晶;12;7
990;焼;12;4
991;焦;12;7
992;硝;12;7
993;粧;12;7
994;詔;12;7
995;証;12;5
996;象;12;4
485;敬;12;6
486;景;12;4
487;軽;12;3
1768;幅;12;7
1769;復;12;5
2025;絡;12;7
2026;落;12;3
237;割;12;6
238;葛;12;7
1518;塔;12;7
751;傘;12;7
1519;搭;12;7
752;散;12;4
1520;棟;12;7
1521;湯;12;3
1522;痘;12;7
1523;登;12;3
1524;答;12;2
1780;雰;12;7
1525;等;12;3
1270;測;12;5
1526;筒;12;7
1527;統;12;5
2039;痢;12;7
1273;属;12;5
1020;場;12;2
1021;畳;12;7
510;結;12;4
1282;損;13;5
4;愛;13;4
1543;働;13;4
1034;飾;13;7
2058;虜;13;7
1035;触;13;7
14;暗;13;3
1551;督;13;7
272;勧;13;7
273;寛;13;7
274;幹;13;5
275;感;13;3
276;漢;13;3
532;嫌;13;7
533;献;13;7
534;絹;13;6
535;遣;13;7
1563;頓;13;7
796;嗣;13;7
797;試;13;4
1309;滞;13;7
798;詩;13;3
799;資;13;5
32;彙;13;7
800;飼;13;5
33;意;13;3
1825;墓;13;5
34;違;13;7
1317;滝;13;7
1063;寝;13;7
1064;慎;13;7
1065;新;13;2
298;頑;13;7
555;源;13;6
2093;鈴;13;7
2094;零;13;7
820;慈;13;7
821;辞;13;4
1078;腎;13;7
1847;蜂;13;7
1848;豊;13;5
1849;飽;13;7
2107;廉;13;7
572;誇;13;7
573;鼓;13;7
1342;嘆;13;7
2112;賂;13;7
2113;路;13;3
1602;農;13;3
1091;睡;13;7
836;嫉;13;7
583;碁;13;7
1352;暖;13;6
1097;数;13;2
2122;楼;13;7
331;棄;13;7
332;毀;13;7
1100;裾;13;7
1362;痴;13;7
2130;話;13;2
1363;稚;13;7
2131;賄;13;7
1364;置;13;4
343;義;13;5
1879;睦;13;7
1369;蓄;13;7
95;園;13;2
96;煙;13;7
97;猿;13;7
353;詰;13;7
98;遠;13;2
99;鉛;13;7
100;塩;13;4
1127;勢;13;5
1128;聖;13;6
1640;漠;13;7
873;腫;13;7
1129;誠;13;6
1900;幕;13;6
1648;鉢;13;7
123;虞;13;7
379;嗅;13;7
1150;跡;13;7
639;溝;13;7
640;鉱;13;5
1409;腸;13;4
1410;跳;13;7
1923;夢;13;5
902;愁;13;7
903;酬;13;7
1161;摂;13;7
1673;搬;13;7
1162;節;13;4
1674;煩;13;7
1675;頒;13;7
1931;盟;13;6
1934;滅;13;7
655;傲;13;7
1425;賃;13;6
154;嫁;13;7
155;暇;13;7
156;禍;13;7
157;靴;13;7
1181;戦;13;4
1182;煎;13;7
1183;羨;13;7
1184;腺;13;7
1185;詮;13;7
1186;践;13;7
422;業;13;3
170;雅;13;7
1707;微;13;7
940;準;13;5
1200;禅;13;7
1456;艇;13;7
437;僅;13;7
949;署;13;6
438;禁;13;5
1466;溺;13;7
189;塊;13;7
1469;鉄;13;3
190;楷;13;7
1214;塑;13;7
191;解;13;5
451;愚;13;7
1989;誉;13;7
710;債;13;7
1990;預;13;5
711;催;13;7
1479;填;13;7
712;塞;13;7
713;歳;13;7
714;載;13;7
1482;殿;13;7
203;慨;13;7
459;窟;13;7
1483;電;13;2
204;蓋;13;7
205;該;13;7
721;罪;13;5
1491;塗;13;7
2003;溶;13;7
468;群;13;5
2004;腰;13;7
730;搾;13;7
1242;僧;13;7
219;較;13;7
1243;想;13;3
220;隔;13;7
228;楽;13;2
2020;裸;13;7
997;傷;13;6
998;奨;13;7
999;照;13;4
2023;雷;13;7
488;傾;13;7
1000;詳;13;7
489;携;13;7
490;継;13;7
1770;福;13;3
491;詣;13;7
1771;腹;13;6
2027;酪;13;7
239;滑;13;7
240;褐;13;7
501;隙;13;7
2040;裏;13;6
1274;賊;13;7
1275;続;13;4
1022;蒸;13;6
511;傑;13;7
2047;慄;13;7
1283;遜;14;7
1544;銅;14;5
1292;駄;14;7
1806;蔑;14;7
1552;徳;14;5
1556;読;14;2
2068;僚;14;7
277;慣;14;5
2069;領;14;5
278;管;14;4
279;関;14;4
2075;緑;14;3
1310;態;14;5
801;誌;14;6
802;雌;14;7
1826;慕;14;7
2082;瑠;14;7
35;維;14;7
1827;暮;14;6
1330;奪;14;7
2099;暦;14;7
2100;歴;14;4
822;磁;14;6
1590;認;14;6
1591;寧;14;7
56;隠;14;7
2108;練;14;3
1343;端;14;7
1344;綻;14;7
837;漆;14;7
584;語;14;2
585;誤;14;6
2123;漏;14;7
333;旗;14;4
1870;貌;14;7
82;駅;14;3
851;遮;14;7
344;疑;14;6
1880;僕;14;7
1881;墨;14;7
1375;嫡;14;7
101;演;14;5
874;種;14;4
1130;精;14;5
1131;製;14;5
1132;誓;14;7
1133;静;14;4
1901;膜;14;7
880;需;14;7
1650;髪;14;7
1908;慢;14;7
1653;罰;14;7
1909;漫;14;7
1654;閥;14;7
1915;蜜;14;7
641;構;14;5
642;綱;14;7
643;酵;14;7
1411;徴;14;7
393;漁;14;4
1163;説;14;4
1932;銘;14;7
1933;鳴;14;2
656;豪;14;7
1937;綿;14;5
915;銃;14;7
1940;模;14;6
663;穀;14;6
664;酷;14;7
665;獄;14;7
1433;漬;14;7
1946;網;14;7
924;塾;14;7
413;境;14;5
158;寡;14;7
159;歌;14;2
160;箇;14;7
1187;箋;14;7
1188;銭;14;5
1700;碑;14;7
679;魂;14;7
1708;鼻;14;3
1201;漸;14;7
950;緒;14;7
1462;摘;14;7
1463;滴;14;7
1464;適;14;5
1722;漂;14;7
444;銀;14;3
1982;誘;14;7
1215;遡;14;7
448;駆;14;7
715;際;14;5
460;熊;14;7
206;概;14;7
2005;様;14;3
2006;瘍;14;7
2007;踊;14;7
1754;腐;14;7
1244;層;14;6
221;閣;14;6
1245;総;14;5
1246;遭;14;7
739;察;14;4
742;雑;14;5
1255;像;14;5
1256;増;14;5
1001;彰;14;7
1257;憎;14;7
1002;障;14;6
1772;複;14;5
2028;辣;14;7
753;算;14;2
754;酸;14;5
1528;稲;14;7
1787;聞;14;2
512;潔;15;5
1797;幣;15;7
1798;弊;15;7
1799;蔽;15;7
1800;餅;15;7
1545;導;15;5
2059;慮;15;7
1036;嘱;15;7
1813;編;15;5
2070;寮;15;7
280;歓;15;7
536;権;15;6
281;監;15;7
282;緩;15;7
1822;舗;15;7
2079;輪;15;4
803;摯;15;7
36;慰;15;7
804;賜;15;7
37;遺;15;6
1066;審;15;7
1067;震;15;7
1325;諾;15;7
2095;霊;15;7
1332;誰;15;7
823;餌;15;7
1592;熱;15;4
1850;褒;15;7
1345;誕;15;6
1092;穂;15;7
838;質;15;5
1353;談;15;3
75;影;15;7
1611;罵;15;7
76;鋭;15;7
334;器;15;4
335;畿;15;7
1871;暴;15;5
336;輝;15;7
2128;論;15;6
85;謁;15;7
1621;輩;15;7
86;閲;15;7
345;儀;15;7
346;戯;15;7
1882;撲;15;7
1629;賠;15;7
1892;摩;15;7
102;縁;15;7
875;趣;15;7
1643;箱;15;3
1388;鋳;15;7
1644;箸;15;7
1389;駐;15;7
1134;請;15;7
117;横;15;3
120;億;15;4
1912;魅;15;7
380;窮;15;7
644;稿;15;7
1412;嘲;15;7
1413;潮;15;6
1414;澄;15;7
1415;調;15;3
1676;範;15;7
1682;盤;15;7
1429;墜;15;7
667;駒;15;7
1948;黙;15;7
925;熟;15;6
161;稼;15;7
162;課;15;4
1189;潜;15;7
1701;罷;15;7
1190;線;15;2
1191;遷;15;7
1192;選;15;4
171;餓;15;7
941;潤;15;7
1709;膝;15;7
942;遵;15;7
1457;締;15;7
439;緊;15;7
951;諸;15;6
1465;敵;15;5
1723;標;15;4
1470;徹;15;7
1471;撤;15;7
1983;憂;15;7
192;潰;15;7
1732;賓;15;7
464;勲;15;7
2008;窯;15;7
2009;養;15;4
1755;敷;15;7
1756;膚;15;7
1757;賦;15;7
222;確;15;5
1247;槽;15;7
1248;踪;15;7
1762;舞;15;7
740;撮;15;7
232;潟;15;7
1258;蔵;15;6
1003;憧;15;7
492;慶;15;7
1004;衝;15;7
493;憬;15;7
1005;賞;15;4
494;稽;15;7
755;賛;15;5
1781;噴;15;7
502;劇;15;6
758;暫;15;7
1782;墳;15;7
503;撃;15;7
1783;憤;15;7
1529;踏;15;7
2041;履;15;7
2042;璃;15;7
1023;縄;15;7
1024;壌;16;7
1025;嬢;16;7
1026;錠;16;7
1802;壁;16;7
1553;篤;16;7
537;憲;16;6
538;賢;16;7
283;憾;16;7
284;還;16;7
285;館;16;3
1566;曇;16;7
2080;隣;16;7
805;諮;16;7
38;緯;16;7
1068;薪;16;7
1069;親;16;2
1326;濁;16;7
2096;隷;16;7
1851;縫;16;7
1597;燃;16;5
2109;錬;16;7
574;錮;16;7
1603;濃;16;7
1354;壇;16;7
77;衛;16;5
2126;録;16;4
1872;膨;16;7
337;機;16;4
1873;謀;16;7
1874;頬;16;7
1365;緻;16;7
1370;築;16;5
1893;磨;16;7
1638;薄;16;7
1641;縛;16;7
1135;整;16;3
1136;醒;16;7
881;儒;16;7
882;樹;16;6
121;憶;16;7
1151;積;16;4
130;穏;16;7
645;興;16;5
646;衡;16;7
647;鋼;16;6
1677;繁;16;7
1938;麺;16;7
916;獣;16;7
917;縦;16;6
414;橋;16;3
1702;避;16;7
423;凝;16;7
680;墾;16;7
1960;薬;16;3
1193;薦;16;7
1967;諭;16;7
1968;輸;16;5
1202;膳;16;7
1458;諦;16;7
440;錦;16;7
1984;融;16;7
193;壊;16;7
194;懐;16;7
195;諧;16;7
207;骸;16;7
465;薫;16;7
1492;賭;16;7
2010;擁;16;7
731;錯;16;7
2011;謡;16;7
223;獲;16;7
1249;操;16;6
2024;頼;16;7
495;憩;16;7
504;激;16;6
1784;奮;16;6
1530;糖;16;6
1531;頭;16;2
5;曖;17;7
1546;瞳;17;7
2071;療;17;7
2072;瞭;17;7
539;謙;17;7
540;鍵;17;7
286;環;17;7
1311;戴;17;7
1572;謎;17;7
1573;鍋;17;7
556;厳;17;6
1324;濯;17;7
2097;齢;17;7
1346;鍛;17;7
852;謝;17;5
347;擬;17;7
859;爵;17;7
348;犠;17;7
122;臆;17;7
1152;績;17;5
648;講;17;5
904;醜;17;7
1416;聴;17;7
649;購;17;7
923;縮;17;6
415;矯;17;7
681;懇;17;7
1194;繊;17;7
1962;闇;17;7
1195;鮮;17;7
441;謹;17;7
1985;優;17;6
1733;頻;17;7
224;嚇;17;7
1250;燥;17;7
2018;翼;17;7
1251;霜;17;7
741;擦;17;7
1006;償;17;7
1007;礁;17;7
2031;覧;17;6
241;轄;17;7
1532;謄;17;7
1803;璧;18;7
1804;癖;18;7
1037;織;18;5
1038;職;18;5
2073;糧;18;7
541;繭;18;7
542;顕;18;7
287;簡;18;6
543;験;18;4
288;観;18;4
289;韓;18;7
2081;臨;18;6
1316;題;18;3
2086;類;18;4
1576;難;18;6
299;顔;18;2
338;騎;18;7
1888;翻;18;7
1417;懲;18;7
1678;藩;18;7
1426;鎮;18;7
931;瞬;18;7
1969;癒;18;7
690;鎖;18;7
1203;繕;18;7
442;襟;18;7
1216;礎;18;7
2012;曜;18;2
225;穫;18;7
1252;騒;18;7
229;額;18;5
230;顎;18;7
1259;贈;18;7
1773;覆;18;7
2032;濫;18;7
2033;藍;18;7
245;鎌;18;7
1533;藤;18;7
1534;闘;18;7
1828;簿;19;7
300;願;19;4
2098;麗;19;7
824;璽;19;7
57;韻;19;7
827;識;19;5
1094;髄;19;7
1608;覇;19;7
1102;瀬;19;7
2127;麓;19;7
103;艶;19;7
1642;爆;19;7
1924;霧;19;7
905;蹴;19;7
416;鏡;19;4
461;繰;19;7
1758;譜;19;7
1253;藻;19;7
2021;羅;19;7
1260;臓;19;6
496;警;19;6
497;鶏;19;7
500;鯨;19;7
2043;離;19;7
1027;譲;20;7
1028;醸;20;7
544;懸;20;7
586;護;20;5
349;議;20;4
1153;籍;20;7
417;競;20;4
418;響;20;7
1008;鐘;20;7
2034;欄;20;7
1535;騰;20;7
290;艦;21;7
575;顧;21;7
2114;露;21;7
1894;魔;21;7
1436;鶴;21;7
1961;躍;21;7
2124;籠;22;7
906;襲;22;7
419;驚;22;7
291;鑑;23;7
63;鬱;29;7
